{
    "providers":[
        {
            "type":"bitmap",
            "file":"minecraft:guis/menus/pixel.png",
            "ascent":-2000,
            "height":-3,
            "chars":[
                "七"
            ]
        },
        {
            "type":"bitmap",
            "file":"minecraft:guis/menus/rtp/worldminingnetherend.png",
            "ascent":22,
            "height":119,
            "chars":[
                "⋑"
            ]
        },
        {
            "type":"bitmap",
            "file":"minecraft:icons/gameselector.png",
            "ascent":10,
            "height":14,
            "chars":[
                "Ⓓ"
            ]
        }



    ]
}